Term,Label,ParentTerm,ParentType,ISO-3166-Alpha2,ISO-3166-Alpha3,ISO-3166-Numeric,UN-M49,Created,Modified,Status,Contributors,Resolution,,,,,,,,,,,,,
AD,Andorra,,dpv:Country,AD,AND,20,20,2022-03-30,,accepted,Harshvardhan J. Pandit,https://www.w3.org/2022/03/30-dpvcg-minutes.html,,,,,,,,,,,,,
AE,United Arab Emirates,,dpv:Country,AE,ARE,784,784,2022-03-30,,accepted,Harshvardhan J. Pandit,https://www.w3.org/2022/03/30-dpvcg-minutes.html,,,,,,,,,,,,,
AF,Afghanistan,,dpv:Country,AF,AFG,4,4,2022-03-30,,accepted,Harshvardhan J. Pandit,https://www.w3.org/2022/03/30-dpvcg-minutes.html,,,,,,,,,,,,,
AG,Antigua and Barbuda,,dpv:Country,AG,ATG,28,28,2022-03-30,,accepted,Harshvardhan J. Pandit,https://www.w3.org/2022/03/30-dpvcg-minutes.html,,,,,,,,,,,,,
AI,Anguilla,,dpv:Country,AI,AIA,660,660,2022-03-30,,accepted,Harshvardhan J. Pandit,https://www.w3.org/2022/03/30-dpvcg-minutes.html,,,,,,,,,,,,,
AL,Albania,,dpv:Country,AL,ALB,8,8,2022-03-30,,accepted,Harshvardhan J. Pandit,https://www.w3.org/2022/03/30-dpvcg-minutes.html,,,,,,,,,,,,,
AM,Armenia,,dpv:Country,AM,ARM,51,51,2022-03-30,,accepted,Harshvardhan J. Pandit,https://www.w3.org/2022/03/30-dpvcg-minutes.html,,,,,,,,,,,,,
AO,Angola,,dpv:Country,AO,AGO,24,24,2022-03-30,,accepted,Harshvardhan J. Pandit,https://www.w3.org/2022/03/30-dpvcg-minutes.html,,,,,,,,,,,,,
AQ,Antarctica,,dpv:Country,AQ,ATA,10,10,2022-03-30,,accepted,Harshvardhan J. Pandit,https://www.w3.org/2022/03/30-dpvcg-minutes.html,,,,,,,,,,,,,
AR,Argentina,,dpv:Country,AR,ARG,32,32,2022-03-30,,accepted,Harshvardhan J. Pandit,https://www.w3.org/2022/03/30-dpvcg-minutes.html,,,,,,,,,,,,,
AS,American Samoa,,dpv:Country,AS,ASM,16,16,2022-03-30,,accepted,Harshvardhan J. Pandit,https://www.w3.org/2022/03/30-dpvcg-minutes.html,,,,,,,,,,,,,
AT,Austria,,dpv:Country,AT,AUT,40,40,2022-03-30,,accepted,Harshvardhan J. Pandit,https://www.w3.org/2022/03/30-dpvcg-minutes.html,,,,,,,,,,,,,
AU,Australia,,dpv:Country,AU,AUS,36,36,2022-03-30,,accepted,Harshvardhan J. Pandit,https://www.w3.org/2022/03/30-dpvcg-minutes.html,,,,,,,,,,,,,
AW,Aruba,,dpv:Country,AW,ABW,533,533,2022-03-30,,accepted,Harshvardhan J. Pandit,https://www.w3.org/2022/03/30-dpvcg-minutes.html,,,,,,,,,,,,,
AX,Åland Islands,,dpv:Country,AX,ALA,248,248,2022-03-30,,accepted,Harshvardhan J. Pandit,https://www.w3.org/2022/03/30-dpvcg-minutes.html,,,,,,,,,,,,,
AZ,Azerbaijan,,dpv:Country,AZ,AZE,31,31,2022-03-30,,accepted,Harshvardhan J. Pandit,https://www.w3.org/2022/03/30-dpvcg-minutes.html,,,,,,,,,,,,,
BA,Bosnia and Herzegovina,,dpv:Country,BA,BIH,70,70,2022-03-30,,accepted,Harshvardhan J. Pandit,https://www.w3.org/2022/03/30-dpvcg-minutes.html,,,,,,,,,,,,,
BB,Barbados,,dpv:Country,BB,BRB,52,52,2022-03-30,,accepted,Harshvardhan J. Pandit,https://www.w3.org/2022/03/30-dpvcg-minutes.html,,,,,,,,,,,,,
BD,Bangladesh,,dpv:Country,BD,BGD,50,50,2022-03-30,,accepted,Harshvardhan J. Pandit,https://www.w3.org/2022/03/30-dpvcg-minutes.html,,,,,,,,,,,,,
BE,Belgium,,dpv:Country,BE,BEL,56,56,2022-03-30,,accepted,Harshvardhan J. Pandit,https://www.w3.org/2022/03/30-dpvcg-minutes.html,,,,,,,,,,,,,
BF,Burkina Faso,,dpv:Country,BF,BFA,854,854,2022-03-30,,accepted,Harshvardhan J. Pandit,https://www.w3.org/2022/03/30-dpvcg-minutes.html,,,,,,,,,,,,,
BG,Bulgaria,,dpv:Country,BG,BGR,100,100,2022-03-30,,accepted,Harshvardhan J. Pandit,https://www.w3.org/2022/03/30-dpvcg-minutes.html,,,,,,,,,,,,,
BH,Bahrain,,dpv:Country,BH,BHR,48,48,2022-03-30,,accepted,Harshvardhan J. Pandit,https://www.w3.org/2022/03/30-dpvcg-minutes.html,,,,,,,,,,,,,
BI,Burundi,,dpv:Country,BI,BDI,108,108,2022-03-30,,accepted,Harshvardhan J. Pandit,https://www.w3.org/2022/03/30-dpvcg-minutes.html,,,,,,,,,,,,,
BJ,Benin,,dpv:Country,BJ,BEN,204,204,2022-03-30,,accepted,Harshvardhan J. Pandit,https://www.w3.org/2022/03/30-dpvcg-minutes.html,,,,,,,,,,,,,
BL,Saint Barthélemy,,dpv:Country,BL,BLM,652,652,2022-03-30,,accepted,Harshvardhan J. Pandit,https://www.w3.org/2022/03/30-dpvcg-minutes.html,,,,,,,,,,,,,
BM,Bermuda,,dpv:Country,BM,BMU,60,60,2022-03-30,,accepted,Harshvardhan J. Pandit,https://www.w3.org/2022/03/30-dpvcg-minutes.html,,,,,,,,,,,,,
BN,Brunei Darussalam,,dpv:Country,BN,BRN,96,96,2022-03-30,,accepted,Harshvardhan J. Pandit,https://www.w3.org/2022/03/30-dpvcg-minutes.html,,,,,,,,,,,,,
BO,Bolivia (Plurinational State of),,dpv:Country,BO,BOL,68,68,2022-03-30,,accepted,Harshvardhan J. Pandit,https://www.w3.org/2022/03/30-dpvcg-minutes.html,,,,,,,,,,,,,
BQ,"Bonaire, Sint Eustatius and Saba",,dpv:Country,BQ,BES,535,535,2022-03-30,,accepted,Harshvardhan J. Pandit,https://www.w3.org/2022/03/30-dpvcg-minutes.html,,,,,,,,,,,,,
BR,Brazil,,dpv:Country,BR,BRA,76,76,2022-03-30,,accepted,Harshvardhan J. Pandit,https://www.w3.org/2022/03/30-dpvcg-minutes.html,,,,,,,,,,,,,
BS,Bahamas,,dpv:Country,BS,BHS,44,44,2022-03-30,,accepted,Harshvardhan J. Pandit,https://www.w3.org/2022/03/30-dpvcg-minutes.html,,,,,,,,,,,,,
BT,Bhutan,,dpv:Country,BT,BTN,64,64,2022-03-30,,accepted,Harshvardhan J. Pandit,https://www.w3.org/2022/03/30-dpvcg-minutes.html,,,,,,,,,,,,,
BV,Bouvet Island,,dpv:Country,BV,BVT,74,74,2022-03-30,,accepted,Harshvardhan J. Pandit,https://www.w3.org/2022/03/30-dpvcg-minutes.html,,,,,,,,,,,,,
BW,Botswana,,dpv:Country,BW,BWA,72,72,2022-03-30,,accepted,Harshvardhan J. Pandit,https://www.w3.org/2022/03/30-dpvcg-minutes.html,,,,,,,,,,,,,
BY,Belarus,,dpv:Country,BY,BLR,112,112,2022-03-30,,accepted,Harshvardhan J. Pandit,https://www.w3.org/2022/03/30-dpvcg-minutes.html,,,,,,,,,,,,,
BZ,Belize,,dpv:Country,BZ,BLZ,84,84,2022-03-30,,accepted,Harshvardhan J. Pandit,https://www.w3.org/2022/03/30-dpvcg-minutes.html,,,,,,,,,,,,,
CA,Canada,,dpv:Country,CA,CAN,124,124,2022-03-30,,accepted,Harshvardhan J. Pandit,https://www.w3.org/2022/03/30-dpvcg-minutes.html,,,,,,,,,,,,,
CC,Cocos (Keeling) Islands,,dpv:Country,CC,CCK,166,166,2022-03-30,,accepted,Harshvardhan J. Pandit,https://www.w3.org/2022/03/30-dpvcg-minutes.html,,,,,,,,,,,,,
CD,Democratic Republic of the Congo,,dpv:Country,CD,COD,180,180,2022-03-30,,accepted,Harshvardhan J. Pandit,https://www.w3.org/2022/03/30-dpvcg-minutes.html,,,,,,,,,,,,,
CF,Central African Republic,,dpv:Country,CF,CAF,140,140,2022-03-30,,accepted,Harshvardhan J. Pandit,https://www.w3.org/2022/03/30-dpvcg-minutes.html,,,,,,,,,,,,,
CG,Congo,,dpv:Country,CG,COG,178,178,2022-03-30,,accepted,Harshvardhan J. Pandit,https://www.w3.org/2022/03/30-dpvcg-minutes.html,,,,,,,,,,,,,
CH,Switzerland,,dpv:Country,CH,CHE,756,756,2022-03-30,,accepted,Harshvardhan J. Pandit,https://www.w3.org/2022/03/30-dpvcg-minutes.html,,,,,,,,,,,,,
CI,Côte d’Ivoire,,dpv:Country,CI,CIV,384,384,2022-03-30,,accepted,Harshvardhan J. Pandit,https://www.w3.org/2022/03/30-dpvcg-minutes.html,,,,,,,,,,,,,
CK,Cook Islands,,dpv:Country,CK,COK,184,184,2022-03-30,,accepted,Harshvardhan J. Pandit,https://www.w3.org/2022/03/30-dpvcg-minutes.html,,,,,,,,,,,,,
CL,Chile,,dpv:Country,CL,CHL,152,152,2022-03-30,,accepted,Harshvardhan J. Pandit,https://www.w3.org/2022/03/30-dpvcg-minutes.html,,,,,,,,,,,,,
CM,Cameroon,,dpv:Country,CM,CMR,120,120,2022-03-30,,accepted,Harshvardhan J. Pandit,https://www.w3.org/2022/03/30-dpvcg-minutes.html,,,,,,,,,,,,,
CN,China,,dpv:Country,CN,CHN,156,156,2022-03-30,,accepted,Harshvardhan J. Pandit,https://www.w3.org/2022/03/30-dpvcg-minutes.html,,,,,,,,,,,,,
CO,Colombia,,dpv:Country,CO,COL,170,170,2022-03-30,,accepted,Harshvardhan J. Pandit,https://www.w3.org/2022/03/30-dpvcg-minutes.html,,,,,,,,,,,,,
CR,Costa Rica,,dpv:Country,CR,CRI,188,188,2022-03-30,,accepted,Harshvardhan J. Pandit,https://www.w3.org/2022/03/30-dpvcg-minutes.html,,,,,,,,,,,,,
CU,Cuba,,dpv:Country,CU,CUB,192,192,2022-03-30,,accepted,Harshvardhan J. Pandit,https://www.w3.org/2022/03/30-dpvcg-minutes.html,,,,,,,,,,,,,
CV,Cabo Verde,,dpv:Country,CV,CPV,132,132,2022-03-30,,accepted,Harshvardhan J. Pandit,https://www.w3.org/2022/03/30-dpvcg-minutes.html,,,,,,,,,,,,,
CW,Curaçao,,dpv:Country,CW,CUW,531,531,2022-03-30,,accepted,Harshvardhan J. Pandit,https://www.w3.org/2022/03/30-dpvcg-minutes.html,,,,,,,,,,,,,
CX,Christmas Island,,dpv:Country,CX,CXR,162,162,2022-03-30,,accepted,Harshvardhan J. Pandit,https://www.w3.org/2022/03/30-dpvcg-minutes.html,,,,,,,,,,,,,
CY,Cyprus,,dpv:Country,CY,CYP,196,196,2022-03-30,,accepted,Harshvardhan J. Pandit,https://www.w3.org/2022/03/30-dpvcg-minutes.html,,,,,,,,,,,,,
CZ,Czechia,,dpv:Country,CZ,CZE,203,203,2022-03-30,,accepted,Harshvardhan J. Pandit,https://www.w3.org/2022/03/30-dpvcg-minutes.html,,,,,,,,,,,,,
DE,Germany,,dpv:Country,DE,DEU,276,276,2022-03-30,,accepted,Harshvardhan J. Pandit,https://www.w3.org/2022/03/30-dpvcg-minutes.html,,,,,,,,,,,,,
DE-BB,Brandenburg,loc:DE,dpv:Region,DE-BB,,,,2022-03-30,,accepted,Harshvardhan J. Pandit,https://www.w3.org/2022/03/30-dpvcg-minutes.html,,,,,,,,,,,,,
DE-BE,Berlin,loc:DE,dpv:Region,DE-BE,,,,2022-03-30,,accepted,Harshvardhan J. Pandit,https://www.w3.org/2022/03/30-dpvcg-minutes.html,,,,,,,,,,,,,
DE-BW,Baden-Württemberg,loc:DE,dpv:Region,DE-BW,,,,2022-03-30,,accepted,Harshvardhan J. Pandit,https://www.w3.org/2022/03/30-dpvcg-minutes.html,,,,,,,,,,,,,
DE-BY,Bavaria,loc:DE,dpv:Region,DE-BY,,,,2022-03-30,,accepted,Harshvardhan J. Pandit,https://www.w3.org/2022/03/30-dpvcg-minutes.html,,,,,,,,,,,,,
DE-HB,Bremen,loc:DE,dpv:Region,DE-HB,,,,2022-03-30,,accepted,Harshvardhan J. Pandit,https://www.w3.org/2022/03/30-dpvcg-minutes.html,,,,,,,,,,,,,
DE-HE,Hesse,loc:DE,dpv:Region,DE-HE,,,,2022-03-30,,accepted,Harshvardhan J. Pandit,https://www.w3.org/2022/03/30-dpvcg-minutes.html,,,,,,,,,,,,,
DE-HH,Hamburg,loc:DE,dpv:Region,DE-HH,,,,2022-03-30,,accepted,Harshvardhan J. Pandit,https://www.w3.org/2022/03/30-dpvcg-minutes.html,,,,,,,,,,,,,
DE-MV,Mecklenburg-Western-Pomerania,loc:DE,dpv:Region,DE-MV,,,,2022-03-30,,accepted,Harshvardhan J. Pandit,https://www.w3.org/2022/03/30-dpvcg-minutes.html,,,,,,,,,,,,,
DE-NI,Lower-Saxony,loc:DE,dpv:Region,DE-NI,,,,2022-03-30,,accepted,Harshvardhan J. Pandit,https://www.w3.org/2022/03/30-dpvcg-minutes.html,,,,,,,,,,,,,
DE-NW,North-Rhine Westphalia,loc:DE,dpv:Region,DE-NW,,,,2022-03-30,,accepted,Harshvardhan J. Pandit,https://www.w3.org/2022/03/30-dpvcg-minutes.html,,,,,,,,,,,,,
DE-RP,Rhineland-Palatinate,loc:DE,dpv:Region,DE-RP,,,,2022-03-30,,accepted,Harshvardhan J. Pandit,https://www.w3.org/2022/03/30-dpvcg-minutes.html,,,,,,,,,,,,,
DE-SH,Schleswig-Holstein,loc:DE,dpv:Region,DE-SH,,,,2022-03-30,,accepted,Harshvardhan J. Pandit,https://www.w3.org/2022/03/30-dpvcg-minutes.html,,,,,,,,,,,,,
DE-SL,Saarland,loc:DE,dpv:Region,DE-SL,,,,2022-03-30,,accepted,Harshvardhan J. Pandit,https://www.w3.org/2022/03/30-dpvcg-minutes.html,,,,,,,,,,,,,
DE-SN,Saxony,loc:DE,dpv:Region,DE-SN,,,,2022-03-30,,accepted,Harshvardhan J. Pandit,https://www.w3.org/2022/03/30-dpvcg-minutes.html,,,,,,,,,,,,,
DE-ST,Saxony-Anhalt,loc:DE,dpv:Region,DE-ST,,,,2022-03-30,,accepted,Harshvardhan J. Pandit,https://www.w3.org/2022/03/30-dpvcg-minutes.html,,,,,,,,,,,,,
DE-TH,Thuringia,loc:DE,dpv:Region,DE-TH,,,,2022-03-30,,accepted,Harshvardhan J. Pandit,https://www.w3.org/2022/03/30-dpvcg-minutes.html,,,,,,,,,,,,,
DJ,Djibouti,,dpv:Country,DJ,DJI,262,262,2022-03-30,,accepted,Harshvardhan J. Pandit,https://www.w3.org/2022/03/30-dpvcg-minutes.html,,,,,,,,,,,,,
DK,Denmark,,dpv:Country,DK,DNK,208,208,2022-03-30,,accepted,Harshvardhan J. Pandit,https://www.w3.org/2022/03/30-dpvcg-minutes.html,,,,,,,,,,,,,
DM,Dominica,,dpv:Country,DM,DMA,212,212,2022-03-30,,accepted,Harshvardhan J. Pandit,https://www.w3.org/2022/03/30-dpvcg-minutes.html,,,,,,,,,,,,,
DO,Dominican Republic,,dpv:Country,DO,DOM,214,214,2022-03-30,,accepted,Harshvardhan J. Pandit,https://www.w3.org/2022/03/30-dpvcg-minutes.html,,,,,,,,,,,,,
DZ,Algeria,,dpv:Country,DZ,DZA,12,12,2022-03-30,,accepted,Harshvardhan J. Pandit,https://www.w3.org/2022/03/30-dpvcg-minutes.html,,,,,,,,,,,,,
EC,Ecuador,,dpv:Country,EC,ECU,218,218,2022-03-30,,accepted,Harshvardhan J. Pandit,https://www.w3.org/2022/03/30-dpvcg-minutes.html,,,,,,,,,,,,,
EE,Estonia,,dpv:Country,EE,EST,233,233,2022-03-30,,accepted,Harshvardhan J. Pandit,https://www.w3.org/2022/03/30-dpvcg-minutes.html,,,,,,,,,,,,,
EG,Egypt,,dpv:Country,EG,EGY,818,818,2022-03-30,,accepted,Harshvardhan J. Pandit,https://www.w3.org/2022/03/30-dpvcg-minutes.html,,,,,,,,,,,,,
EH,Western Sahara,,dpv:Country,EH,ESH,732,732,2022-03-30,,accepted,Harshvardhan J. Pandit,https://www.w3.org/2022/03/30-dpvcg-minutes.html,,,,,,,,,,,,,
ER,Eritrea,,dpv:Country,ER,ERI,232,232,2022-03-30,,accepted,Harshvardhan J. Pandit,https://www.w3.org/2022/03/30-dpvcg-minutes.html,,,,,,,,,,,,,
ES,Spain,,dpv:Country,ES,ESP,724,724,2022-03-30,,accepted,Harshvardhan J. Pandit,https://www.w3.org/2022/03/30-dpvcg-minutes.html,,,,,,,,,,,,,
ET,Ethiopia,,dpv:Country,ET,ETH,231,231,2022-03-30,,accepted,Harshvardhan J. Pandit,https://www.w3.org/2022/03/30-dpvcg-minutes.html,,,,,,,,,,,,,
FI,Finland,,dpv:Country,FI,FIN,246,246,2022-03-30,,accepted,Harshvardhan J. Pandit,https://www.w3.org/2022/03/30-dpvcg-minutes.html,,,,,,,,,,,,,
FJ,Fiji,,dpv:Country,FJ,FJI,242,242,2022-03-30,,accepted,Harshvardhan J. Pandit,https://www.w3.org/2022/03/30-dpvcg-minutes.html,,,,,,,,,,,,,
FK,Falkland Islands (Malvinas),,dpv:Country,FK,FLK,238,238,2022-03-30,,accepted,Harshvardhan J. Pandit,https://www.w3.org/2022/03/30-dpvcg-minutes.html,,,,,,,,,,,,,
FM,Micronesia (Federated States of),,dpv:Country,FM,FSM,583,583,2022-03-30,,accepted,Harshvardhan J. Pandit,https://www.w3.org/2022/03/30-dpvcg-minutes.html,,,,,,,,,,,,,
FO,Faroe Islands,,dpv:Country,FO,FRO,234,234,2022-03-30,,accepted,Harshvardhan J. Pandit,https://www.w3.org/2022/03/30-dpvcg-minutes.html,,,,,,,,,,,,,
FR,France,,dpv:Country,FR,FRA,250,250,2022-03-30,,accepted,Harshvardhan J. Pandit,https://www.w3.org/2022/03/30-dpvcg-minutes.html,,,,,,,,,,,,,
GA,Gabon,,dpv:Country,GA,GAB,266,266,2022-03-30,,accepted,Harshvardhan J. Pandit,https://www.w3.org/2022/03/30-dpvcg-minutes.html,,,,,,,,,,,,,
GB,United Kingdom of Great Britain and Northern Ireland,,dpv:Country,GB,GBR,826,826,2022-03-30,,accepted,Harshvardhan J. Pandit,https://www.w3.org/2022/03/30-dpvcg-minutes.html,,,,,,,,,,,,,
GD,Grenada,,dpv:Country,GD,GRD,308,308,2022-03-30,,accepted,Harshvardhan J. Pandit,https://www.w3.org/2022/03/30-dpvcg-minutes.html,,,,,,,,,,,,,
GE,Georgia,,dpv:Country,GE,GEO,268,268,2022-03-30,,accepted,Harshvardhan J. Pandit,https://www.w3.org/2022/03/30-dpvcg-minutes.html,,,,,,,,,,,,,
GF,French Guiana,,dpv:Country,GF,GUF,254,254,2022-03-30,,accepted,Harshvardhan J. Pandit,https://www.w3.org/2022/03/30-dpvcg-minutes.html,,,,,,,,,,,,,
GG,Guernsey,,dpv:Country,GG,GGY,831,831,2022-03-30,,accepted,Harshvardhan J. Pandit,https://www.w3.org/2022/03/30-dpvcg-minutes.html,,,,,,,,,,,,,
GH,Ghana,,dpv:Country,GH,GHA,288,288,2022-03-30,,accepted,Harshvardhan J. Pandit,https://www.w3.org/2022/03/30-dpvcg-minutes.html,,,,,,,,,,,,,
GI,Gibraltar,,dpv:Country,GI,GIB,292,292,2022-03-30,,accepted,Harshvardhan J. Pandit,https://www.w3.org/2022/03/30-dpvcg-minutes.html,,,,,,,,,,,,,
GL,Greenland,,dpv:Country,GL,GRL,304,304,2022-03-30,,accepted,Harshvardhan J. Pandit,https://www.w3.org/2022/03/30-dpvcg-minutes.html,,,,,,,,,,,,,
GM,Gambia,,dpv:Country,GM,GMB,270,270,2022-03-30,,accepted,Harshvardhan J. Pandit,https://www.w3.org/2022/03/30-dpvcg-minutes.html,,,,,,,,,,,,,
GN,Guinea,,dpv:Country,GN,GIN,324,324,2022-03-30,,accepted,Harshvardhan J. Pandit,https://www.w3.org/2022/03/30-dpvcg-minutes.html,,,,,,,,,,,,,
GP,Guadeloupe,,dpv:Country,GP,GLP,312,312,2022-03-30,,accepted,Harshvardhan J. Pandit,https://www.w3.org/2022/03/30-dpvcg-minutes.html,,,,,,,,,,,,,
GQ,Equatorial Guinea,,dpv:Country,GQ,GNQ,226,226,2022-03-30,,accepted,Harshvardhan J. Pandit,https://www.w3.org/2022/03/30-dpvcg-minutes.html,,,,,,,,,,,,,
GR,Greece,,dpv:Country,GR,GRC,300,300,2022-03-30,,accepted,Harshvardhan J. Pandit,https://www.w3.org/2022/03/30-dpvcg-minutes.html,,,,,,,,,,,,,
GS,South Georgia and the South Sandwich Islands,,dpv:Country,GS,SGS,239,239,2022-03-30,,accepted,Harshvardhan J. Pandit,https://www.w3.org/2022/03/30-dpvcg-minutes.html,,,,,,,,,,,,,
GT,Guatemala,,dpv:Country,GT,GTM,320,320,2022-03-30,,accepted,Harshvardhan J. Pandit,https://www.w3.org/2022/03/30-dpvcg-minutes.html,,,,,,,,,,,,,
GU,Guam,,dpv:Country,GU,GUM,316,316,2022-03-30,,accepted,Harshvardhan J. Pandit,https://www.w3.org/2022/03/30-dpvcg-minutes.html,,,,,,,,,,,,,
GW,Guinea-Bissau,,dpv:Country,GW,GNB,624,624,2022-03-30,,accepted,Harshvardhan J. Pandit,https://www.w3.org/2022/03/30-dpvcg-minutes.html,,,,,,,,,,,,,
GY,Guyana,,dpv:Country,GY,GUY,328,328,2022-03-30,,accepted,Harshvardhan J. Pandit,https://www.w3.org/2022/03/30-dpvcg-minutes.html,,,,,,,,,,,,,
HK,"China, Hong Kong Special Administrative Region",,dpv:Country,HK,HKG,344,344,2022-03-30,,accepted,Harshvardhan J. Pandit,https://www.w3.org/2022/03/30-dpvcg-minutes.html,,,,,,,,,,,,,
HM,Heard Island and McDonald Islands,,dpv:Country,HM,HMD,334,334,2022-03-30,,accepted,Harshvardhan J. Pandit,https://www.w3.org/2022/03/30-dpvcg-minutes.html,,,,,,,,,,,,,
HN,Honduras,,dpv:Country,HN,HND,340,340,2022-03-30,,accepted,Harshvardhan J. Pandit,https://www.w3.org/2022/03/30-dpvcg-minutes.html,,,,,,,,,,,,,
HR,Croatia,,dpv:Country,HR,HRV,191,191,2022-03-30,,accepted,Harshvardhan J. Pandit,https://www.w3.org/2022/03/30-dpvcg-minutes.html,,,,,,,,,,,,,
HT,Haiti,,dpv:Country,HT,HTI,332,332,2022-03-30,,accepted,Harshvardhan J. Pandit,https://www.w3.org/2022/03/30-dpvcg-minutes.html,,,,,,,,,,,,,
HU,Hungary,,dpv:Country,HU,HUN,348,348,2022-03-30,,accepted,Harshvardhan J. Pandit,https://www.w3.org/2022/03/30-dpvcg-minutes.html,,,,,,,,,,,,,
ID,Indonesia,,dpv:Country,ID,IDN,360,360,2022-03-30,,accepted,Harshvardhan J. Pandit,https://www.w3.org/2022/03/30-dpvcg-minutes.html,,,,,,,,,,,,,
IE,Ireland,,dpv:Country,IE,IRL,372,372,2022-03-30,,accepted,Harshvardhan J. Pandit,https://www.w3.org/2022/03/30-dpvcg-minutes.html,,,,,,,,,,,,,
IL,Israel,,dpv:Country,IL,ISR,376,376,2022-03-30,,accepted,Harshvardhan J. Pandit,https://www.w3.org/2022/03/30-dpvcg-minutes.html,,,,,,,,,,,,,
IM,Isle of Man,,dpv:Country,IM,IMN,833,833,2022-03-30,,accepted,Harshvardhan J. Pandit,https://www.w3.org/2022/03/30-dpvcg-minutes.html,,,,,,,,,,,,,
IN,India,,dpv:Country,IN,IND,356,356,2022-03-30,,accepted,Harshvardhan J. Pandit,https://www.w3.org/2022/03/30-dpvcg-minutes.html,,,,,,,,,,,,,
IO,British Indian Ocean Territory,,dpv:Country,IO,IOT,86,86,2022-03-30,,accepted,Harshvardhan J. Pandit,https://www.w3.org/2022/03/30-dpvcg-minutes.html,,,,,,,,,,,,,
IQ,Iraq,,dpv:Country,IQ,IRQ,368,368,2022-03-30,,accepted,Harshvardhan J. Pandit,https://www.w3.org/2022/03/30-dpvcg-minutes.html,,,,,,,,,,,,,
IR,Iran (Islamic Republic of),,dpv:Country,IR,IRN,364,364,2022-03-30,,accepted,Harshvardhan J. Pandit,https://www.w3.org/2022/03/30-dpvcg-minutes.html,,,,,,,,,,,,,
IS,Iceland,,dpv:Country,IS,ISL,352,352,2022-03-30,,accepted,Harshvardhan J. Pandit,https://www.w3.org/2022/03/30-dpvcg-minutes.html,,,,,,,,,,,,,
IT,Italy,,dpv:Country,IT,ITA,380,380,2022-03-30,,accepted,Harshvardhan J. Pandit,https://www.w3.org/2022/03/30-dpvcg-minutes.html,,,,,,,,,,,,,
JE,Jersey,,dpv:Country,JE,JEY,832,832,2022-03-30,,accepted,Harshvardhan J. Pandit,https://www.w3.org/2022/03/30-dpvcg-minutes.html,,,,,,,,,,,,,
JM,Jamaica,,dpv:Country,JM,JAM,388,388,2022-03-30,,accepted,Harshvardhan J. Pandit,https://www.w3.org/2022/03/30-dpvcg-minutes.html,,,,,,,,,,,,,
JO,Jordan,,dpv:Country,JO,JOR,400,400,2022-03-30,,accepted,Harshvardhan J. Pandit,https://www.w3.org/2022/03/30-dpvcg-minutes.html,,,,,,,,,,,,,
JP,Japan,,dpv:Country,JP,JPN,392,392,2022-03-30,,accepted,Harshvardhan J. Pandit,https://www.w3.org/2022/03/30-dpvcg-minutes.html,,,,,,,,,,,,,
KE,Kenya,,dpv:Country,KE,KEN,404,404,2022-03-30,,accepted,Harshvardhan J. Pandit,https://www.w3.org/2022/03/30-dpvcg-minutes.html,,,,,,,,,,,,,
KG,Kyrgyzstan,,dpv:Country,KG,KGZ,417,417,2022-03-30,,accepted,Harshvardhan J. Pandit,https://www.w3.org/2022/03/30-dpvcg-minutes.html,,,,,,,,,,,,,
KH,Cambodia,,dpv:Country,KH,KHM,116,116,2022-03-30,,accepted,Harshvardhan J. Pandit,https://www.w3.org/2022/03/30-dpvcg-minutes.html,,,,,,,,,,,,,
KI,Kiribati,,dpv:Country,KI,KIR,296,296,2022-03-30,,accepted,Harshvardhan J. Pandit,https://www.w3.org/2022/03/30-dpvcg-minutes.html,,,,,,,,,,,,,
KM,Comoros,,dpv:Country,KM,COM,174,174,2022-03-30,,accepted,Harshvardhan J. Pandit,https://www.w3.org/2022/03/30-dpvcg-minutes.html,,,,,,,,,,,,,
KN,Saint Kitts and Nevis,,dpv:Country,KN,KNA,659,659,2022-03-30,,accepted,Harshvardhan J. Pandit,https://www.w3.org/2022/03/30-dpvcg-minutes.html,,,,,,,,,,,,,
KP,Democratic People's Republic of Korea,,dpv:Country,KP,PRK,408,408,2022-03-30,,accepted,Harshvardhan J. Pandit,https://www.w3.org/2022/03/30-dpvcg-minutes.html,,,,,,,,,,,,,
KR,Republic of Korea,,dpv:Country,KR,KOR,410,410,2022-03-30,,accepted,Harshvardhan J. Pandit,https://www.w3.org/2022/03/30-dpvcg-minutes.html,,,,,,,,,,,,,
KW,Kuwait,,dpv:Country,KW,KWT,414,414,2022-03-30,,accepted,Harshvardhan J. Pandit,https://www.w3.org/2022/03/30-dpvcg-minutes.html,,,,,,,,,,,,,
KY,Cayman Islands,,dpv:Country,KY,CYM,136,136,2022-03-30,,accepted,Harshvardhan J. Pandit,https://www.w3.org/2022/03/30-dpvcg-minutes.html,,,,,,,,,,,,,
KZ,Kazakhstan,,dpv:Country,KZ,KAZ,398,398,2022-03-30,,accepted,Harshvardhan J. Pandit,https://www.w3.org/2022/03/30-dpvcg-minutes.html,,,,,,,,,,,,,
LA,Lao People's Democratic Republic,,dpv:Country,LA,LAO,418,418,2022-03-30,,accepted,Harshvardhan J. Pandit,https://www.w3.org/2022/03/30-dpvcg-minutes.html,,,,,,,,,,,,,
LB,Lebanon,,dpv:Country,LB,LBN,422,422,2022-03-30,,accepted,Harshvardhan J. Pandit,https://www.w3.org/2022/03/30-dpvcg-minutes.html,,,,,,,,,,,,,
LC,Saint Lucia,,dpv:Country,LC,LCA,662,662,2022-03-30,,accepted,Harshvardhan J. Pandit,https://www.w3.org/2022/03/30-dpvcg-minutes.html,,,,,,,,,,,,,
LI,Liechtenstein,,dpv:Country,LI,LIE,438,438,2022-03-30,,accepted,Harshvardhan J. Pandit,https://www.w3.org/2022/03/30-dpvcg-minutes.html,,,,,,,,,,,,,
LK,Sri Lanka,,dpv:Country,LK,LKA,144,144,2022-03-30,,accepted,Harshvardhan J. Pandit,https://www.w3.org/2022/03/30-dpvcg-minutes.html,,,,,,,,,,,,,
LR,Liberia,,dpv:Country,LR,LBR,430,430,2022-03-30,,accepted,Harshvardhan J. Pandit,https://www.w3.org/2022/03/30-dpvcg-minutes.html,,,,,,,,,,,,,
LS,Lesotho,,dpv:Country,LS,LSO,426,426,2022-03-30,,accepted,Harshvardhan J. Pandit,https://www.w3.org/2022/03/30-dpvcg-minutes.html,,,,,,,,,,,,,
LT,Lithuania,,dpv:Country,LT,LTU,440,440,2022-03-30,,accepted,Harshvardhan J. Pandit,https://www.w3.org/2022/03/30-dpvcg-minutes.html,,,,,,,,,,,,,
LU,Luxembourg,,dpv:Country,LU,LUX,442,442,2022-03-30,,accepted,Harshvardhan J. Pandit,https://www.w3.org/2022/03/30-dpvcg-minutes.html,,,,,,,,,,,,,
LV,Latvia,,dpv:Country,LV,LVA,428,428,2022-03-30,,accepted,Harshvardhan J. Pandit,https://www.w3.org/2022/03/30-dpvcg-minutes.html,,,,,,,,,,,,,
LY,Libya,,dpv:Country,LY,LBY,434,434,2022-03-30,,accepted,Harshvardhan J. Pandit,https://www.w3.org/2022/03/30-dpvcg-minutes.html,,,,,,,,,,,,,
MA,Morocco,,dpv:Country,MA,MAR,504,504,2022-03-30,,accepted,Harshvardhan J. Pandit,https://www.w3.org/2022/03/30-dpvcg-minutes.html,,,,,,,,,,,,,
MC,Monaco,,dpv:Country,MC,MCO,492,492,2022-03-30,,accepted,Harshvardhan J. Pandit,https://www.w3.org/2022/03/30-dpvcg-minutes.html,,,,,,,,,,,,,
MD,Republic of Moldova,,dpv:Country,MD,MDA,498,498,2022-03-30,,accepted,Harshvardhan J. Pandit,https://www.w3.org/2022/03/30-dpvcg-minutes.html,,,,,,,,,,,,,
ME,Montenegro,,dpv:Country,ME,MNE,499,499,2022-03-30,,accepted,Harshvardhan J. Pandit,https://www.w3.org/2022/03/30-dpvcg-minutes.html,,,,,,,,,,,,,
MF,Saint Martin (French Part),,dpv:Country,MF,MAF,663,663,2022-03-30,,accepted,Harshvardhan J. Pandit,https://www.w3.org/2022/03/30-dpvcg-minutes.html,,,,,,,,,,,,,
MG,Madagascar,,dpv:Country,MG,MDG,450,450,2022-03-30,,accepted,Harshvardhan J. Pandit,https://www.w3.org/2022/03/30-dpvcg-minutes.html,,,,,,,,,,,,,
MH,Marshall Islands,,dpv:Country,MH,MHL,584,584,2022-03-30,,accepted,Harshvardhan J. Pandit,https://www.w3.org/2022/03/30-dpvcg-minutes.html,,,,,,,,,,,,,
MK,North Macedonia,,dpv:Country,MK,MKD,807,807,2022-03-30,,accepted,Harshvardhan J. Pandit,https://www.w3.org/2022/03/30-dpvcg-minutes.html,,,,,,,,,,,,,
ML,Mali,,dpv:Country,ML,MLI,466,466,2022-03-30,,accepted,Harshvardhan J. Pandit,https://www.w3.org/2022/03/30-dpvcg-minutes.html,,,,,,,,,,,,,
MM,Myanmar,,dpv:Country,MM,MMR,104,104,2022-03-30,,accepted,Harshvardhan J. Pandit,https://www.w3.org/2022/03/30-dpvcg-minutes.html,,,,,,,,,,,,,
MN,Mongolia,,dpv:Country,MN,MNG,496,496,2022-03-30,,accepted,Harshvardhan J. Pandit,https://www.w3.org/2022/03/30-dpvcg-minutes.html,,,,,,,,,,,,,
MO,"China, Macao Special Administrative Region",,dpv:Country,MO,MAC,446,446,2022-03-30,,accepted,Harshvardhan J. Pandit,https://www.w3.org/2022/03/30-dpvcg-minutes.html,,,,,,,,,,,,,
MP,Northern Mariana Islands,,dpv:Country,MP,MNP,580,580,2022-03-30,,accepted,Harshvardhan J. Pandit,https://www.w3.org/2022/03/30-dpvcg-minutes.html,,,,,,,,,,,,,
MQ,Martinique,,dpv:Country,MQ,MTQ,474,474,2022-03-30,,accepted,Harshvardhan J. Pandit,https://www.w3.org/2022/03/30-dpvcg-minutes.html,,,,,,,,,,,,,
MR,Mauritania,,dpv:Country,MR,MRT,478,478,2022-03-30,,accepted,Harshvardhan J. Pandit,https://www.w3.org/2022/03/30-dpvcg-minutes.html,,,,,,,,,,,,,
MS,Montserrat,,dpv:Country,MS,MSR,500,500,2022-03-30,,accepted,Harshvardhan J. Pandit,https://www.w3.org/2022/03/30-dpvcg-minutes.html,,,,,,,,,,,,,
MT,Malta,,dpv:Country,MT,MLT,470,470,2022-03-30,,accepted,Harshvardhan J. Pandit,https://www.w3.org/2022/03/30-dpvcg-minutes.html,,,,,,,,,,,,,
MU,Mauritius,,dpv:Country,MU,MUS,480,480,2022-03-30,,accepted,Harshvardhan J. Pandit,https://www.w3.org/2022/03/30-dpvcg-minutes.html,,,,,,,,,,,,,
MV,Maldives,,dpv:Country,MV,MDV,462,462,2022-03-30,,accepted,Harshvardhan J. Pandit,https://www.w3.org/2022/03/30-dpvcg-minutes.html,,,,,,,,,,,,,
MW,Malawi,,dpv:Country,MW,MWI,454,454,2022-03-30,,accepted,Harshvardhan J. Pandit,https://www.w3.org/2022/03/30-dpvcg-minutes.html,,,,,,,,,,,,,
MX,Mexico,,dpv:Country,MX,MEX,484,484,2022-03-30,,accepted,Harshvardhan J. Pandit,https://www.w3.org/2022/03/30-dpvcg-minutes.html,,,,,,,,,,,,,
MY,Malaysia,,dpv:Country,MY,MYS,458,458,2022-03-30,,accepted,Harshvardhan J. Pandit,https://www.w3.org/2022/03/30-dpvcg-minutes.html,,,,,,,,,,,,,
MZ,Mozambique,,dpv:Country,MZ,MOZ,508,508,2022-03-30,,accepted,Harshvardhan J. Pandit,https://www.w3.org/2022/03/30-dpvcg-minutes.html,,,,,,,,,,,,,
NA,Namibia,,dpv:Country,NA,NAM,516,516,2022-03-30,,accepted,Harshvardhan J. Pandit,https://www.w3.org/2022/03/30-dpvcg-minutes.html,,,,,,,,,,,,,
NC,New Caledonia,,dpv:Country,NC,NCL,540,540,2022-03-30,,accepted,Harshvardhan J. Pandit,https://www.w3.org/2022/03/30-dpvcg-minutes.html,,,,,,,,,,,,,
NE,Niger,,dpv:Country,NE,NER,562,562,2022-03-30,,accepted,Harshvardhan J. Pandit,https://www.w3.org/2022/03/30-dpvcg-minutes.html,,,,,,,,,,,,,
NF,Norfolk Island,,dpv:Country,NF,NFK,574,574,2022-03-30,,accepted,Harshvardhan J. Pandit,https://www.w3.org/2022/03/30-dpvcg-minutes.html,,,,,,,,,,,,,
NG,Nigeria,,dpv:Country,NG,NGA,566,566,2022-03-30,,accepted,Harshvardhan J. Pandit,https://www.w3.org/2022/03/30-dpvcg-minutes.html,,,,,,,,,,,,,
NI,Nicaragua,,dpv:Country,NI,NIC,558,558,2022-03-30,,accepted,Harshvardhan J. Pandit,https://www.w3.org/2022/03/30-dpvcg-minutes.html,,,,,,,,,,,,,
NL,Netherlands,,dpv:Country,NL,NLD,528,528,2022-03-30,,accepted,Harshvardhan J. Pandit,https://www.w3.org/2022/03/30-dpvcg-minutes.html,,,,,,,,,,,,,
NO,Norway,,dpv:Country,NO,NOR,578,578,2022-03-30,,accepted,Harshvardhan J. Pandit,https://www.w3.org/2022/03/30-dpvcg-minutes.html,,,,,,,,,,,,,
NP,Nepal,,dpv:Country,NP,NPL,524,524,2022-03-30,,accepted,Harshvardhan J. Pandit,https://www.w3.org/2022/03/30-dpvcg-minutes.html,,,,,,,,,,,,,
NR,Nauru,,dpv:Country,NR,NRU,520,520,2022-03-30,,accepted,Harshvardhan J. Pandit,https://www.w3.org/2022/03/30-dpvcg-minutes.html,,,,,,,,,,,,,
NU,Niue,,dpv:Country,NU,NIU,570,570,2022-03-30,,accepted,Harshvardhan J. Pandit,https://www.w3.org/2022/03/30-dpvcg-minutes.html,,,,,,,,,,,,,
NZ,New Zealand,,dpv:Country,NZ,NZL,554,554,2022-03-30,,accepted,Harshvardhan J. Pandit,https://www.w3.org/2022/03/30-dpvcg-minutes.html,,,,,,,,,,,,,
OM,Oman,,dpv:Country,OM,OMN,512,512,2022-03-30,,accepted,Harshvardhan J. Pandit,https://www.w3.org/2022/03/30-dpvcg-minutes.html,,,,,,,,,,,,,
PA,Panama,,dpv:Country,PA,PAN,591,591,2022-03-30,,accepted,Harshvardhan J. Pandit,https://www.w3.org/2022/03/30-dpvcg-minutes.html,,,,,,,,,,,,,
PE,Peru,,dpv:Country,PE,PER,604,604,2022-03-30,,accepted,Harshvardhan J. Pandit,https://www.w3.org/2022/03/30-dpvcg-minutes.html,,,,,,,,,,,,,
PF,French Polynesia,,dpv:Country,PF,PYF,258,258,2022-03-30,,accepted,Harshvardhan J. Pandit,https://www.w3.org/2022/03/30-dpvcg-minutes.html,,,,,,,,,,,,,
PG,Papua New Guinea,,dpv:Country,PG,PNG,598,598,2022-03-30,,accepted,Harshvardhan J. Pandit,https://www.w3.org/2022/03/30-dpvcg-minutes.html,,,,,,,,,,,,,
PH,Philippines,,dpv:Country,PH,PHL,608,608,2022-03-30,,accepted,Harshvardhan J. Pandit,https://www.w3.org/2022/03/30-dpvcg-minutes.html,,,,,,,,,,,,,
PK,Pakistan,,dpv:Country,PK,PAK,586,586,2022-03-30,,accepted,Harshvardhan J. Pandit,https://www.w3.org/2022/03/30-dpvcg-minutes.html,,,,,,,,,,,,,
PL,Poland,,dpv:Country,PL,POL,616,616,2022-03-30,,accepted,Harshvardhan J. Pandit,https://www.w3.org/2022/03/30-dpvcg-minutes.html,,,,,,,,,,,,,
PM,Saint Pierre and Miquelon,,dpv:Country,PM,SPM,666,666,2022-03-30,,accepted,Harshvardhan J. Pandit,https://www.w3.org/2022/03/30-dpvcg-minutes.html,,,,,,,,,,,,,
PN,Pitcairn,,dpv:Country,PN,PCN,612,612,2022-03-30,,accepted,Harshvardhan J. Pandit,https://www.w3.org/2022/03/30-dpvcg-minutes.html,,,,,,,,,,,,,
PR,Puerto Rico,,dpv:Country,PR,PRI,630,630,2022-03-30,,accepted,Harshvardhan J. Pandit,https://www.w3.org/2022/03/30-dpvcg-minutes.html,,,,,,,,,,,,,
PS,State of Palestine,,dpv:Country,PS,PSE,275,275,2022-03-30,,accepted,Harshvardhan J. Pandit,https://www.w3.org/2022/03/30-dpvcg-minutes.html,,,,,,,,,,,,,
PT,Portugal,,dpv:Country,PT,PRT,620,620,2022-03-30,,accepted,Harshvardhan J. Pandit,https://www.w3.org/2022/03/30-dpvcg-minutes.html,,,,,,,,,,,,,
PW,Palau,,dpv:Country,PW,PLW,585,585,2022-03-30,,accepted,Harshvardhan J. Pandit,https://www.w3.org/2022/03/30-dpvcg-minutes.html,,,,,,,,,,,,,
PY,Paraguay,,dpv:Country,PY,PRY,600,600,2022-03-30,,accepted,Harshvardhan J. Pandit,https://www.w3.org/2022/03/30-dpvcg-minutes.html,,,,,,,,,,,,,
QA,Qatar,,dpv:Country,QA,QAT,634,634,2022-03-30,,accepted,Harshvardhan J. Pandit,https://www.w3.org/2022/03/30-dpvcg-minutes.html,,,,,,,,,,,,,
RE,Réunion,,dpv:Country,RE,REU,638,638,2022-03-30,,accepted,Harshvardhan J. Pandit,https://www.w3.org/2022/03/30-dpvcg-minutes.html,,,,,,,,,,,,,
RO,Romania,,dpv:Country,RO,ROU,642,642,2022-03-30,,accepted,Harshvardhan J. Pandit,https://www.w3.org/2022/03/30-dpvcg-minutes.html,,,,,,,,,,,,,
RS,Serbia,,dpv:Country,RS,SRB,688,688,2022-03-30,,accepted,Harshvardhan J. Pandit,https://www.w3.org/2022/03/30-dpvcg-minutes.html,,,,,,,,,,,,,
RU,Russian Federation,,dpv:Country,RU,RUS,643,643,2022-03-30,,accepted,Harshvardhan J. Pandit,https://www.w3.org/2022/03/30-dpvcg-minutes.html,,,,,,,,,,,,,
RW,Rwanda,,dpv:Country,RW,RWA,646,646,2022-03-30,,accepted,Harshvardhan J. Pandit,https://www.w3.org/2022/03/30-dpvcg-minutes.html,,,,,,,,,,,,,
SA,Saudi Arabia,,dpv:Country,SA,SAU,682,682,2022-03-30,,accepted,Harshvardhan J. Pandit,https://www.w3.org/2022/03/30-dpvcg-minutes.html,,,,,,,,,,,,,
SB,Solomon Islands,,dpv:Country,SB,SLB,90,90,2022-03-30,,accepted,Harshvardhan J. Pandit,https://www.w3.org/2022/03/30-dpvcg-minutes.html,,,,,,,,,,,,,
SC,Seychelles,,dpv:Country,SC,SYC,690,690,2022-03-30,,accepted,Harshvardhan J. Pandit,https://www.w3.org/2022/03/30-dpvcg-minutes.html,,,,,,,,,,,,,
SD,Sudan,,dpv:Country,SD,SDN,729,729,2022-03-30,,accepted,Harshvardhan J. Pandit,https://www.w3.org/2022/03/30-dpvcg-minutes.html,,,,,,,,,,,,,
SE,Sweden,,dpv:Country,SE,SWE,752,752,2022-03-30,,accepted,Harshvardhan J. Pandit,https://www.w3.org/2022/03/30-dpvcg-minutes.html,,,,,,,,,,,,,
SG,Singapore,,dpv:Country,SG,SGP,702,702,2022-03-30,,accepted,Harshvardhan J. Pandit,https://www.w3.org/2022/03/30-dpvcg-minutes.html,,,,,,,,,,,,,
SH,Saint Helena,,dpv:Country,SH,SHN,654,654,2022-03-30,,accepted,Harshvardhan J. Pandit,https://www.w3.org/2022/03/30-dpvcg-minutes.html,,,,,,,,,,,,,
SI,Slovenia,,dpv:Country,SI,SVN,705,705,2022-03-30,,accepted,Harshvardhan J. Pandit,https://www.w3.org/2022/03/30-dpvcg-minutes.html,,,,,,,,,,,,,
SJ,Svalbard and Jan Mayen Islands,,dpv:Country,SJ,SJM,744,744,2022-03-30,,accepted,Harshvardhan J. Pandit,https://www.w3.org/2022/03/30-dpvcg-minutes.html,,,,,,,,,,,,,
SK,Slovakia,,dpv:Country,SK,SVK,703,703,2022-03-30,,accepted,Harshvardhan J. Pandit,https://www.w3.org/2022/03/30-dpvcg-minutes.html,,,,,,,,,,,,,
SL,Sierra Leone,,dpv:Country,SL,SLE,694,694,2022-03-30,,accepted,Harshvardhan J. Pandit,https://www.w3.org/2022/03/30-dpvcg-minutes.html,,,,,,,,,,,,,
SM,San Marino,,dpv:Country,SM,SMR,674,674,2022-03-30,,accepted,Harshvardhan J. Pandit,https://www.w3.org/2022/03/30-dpvcg-minutes.html,,,,,,,,,,,,,
SN,Senegal,,dpv:Country,SN,SEN,686,686,2022-03-30,,accepted,Harshvardhan J. Pandit,https://www.w3.org/2022/03/30-dpvcg-minutes.html,,,,,,,,,,,,,
SO,Somalia,,dpv:Country,SO,SOM,706,706,2022-03-30,,accepted,Harshvardhan J. Pandit,https://www.w3.org/2022/03/30-dpvcg-minutes.html,,,,,,,,,,,,,
SR,Suriname,,dpv:Country,SR,SUR,740,740,2022-03-30,,accepted,Harshvardhan J. Pandit,https://www.w3.org/2022/03/30-dpvcg-minutes.html,,,,,,,,,,,,,
SS,South Sudan,,dpv:Country,SS,SSD,728,728,2022-03-30,,accepted,Harshvardhan J. Pandit,https://www.w3.org/2022/03/30-dpvcg-minutes.html,,,,,,,,,,,,,
ST,Sao Tome and Principe,,dpv:Country,ST,STP,678,678,2022-03-30,,accepted,Harshvardhan J. Pandit,https://www.w3.org/2022/03/30-dpvcg-minutes.html,,,,,,,,,,,,,
SV,El Salvador,,dpv:Country,SV,SLV,222,222,2022-03-30,,accepted,Harshvardhan J. Pandit,https://www.w3.org/2022/03/30-dpvcg-minutes.html,,,,,,,,,,,,,
SX,Sint Maarten (Dutch part),,dpv:Country,SX,SXM,534,534,2022-03-30,,accepted,Harshvardhan J. Pandit,https://www.w3.org/2022/03/30-dpvcg-minutes.html,,,,,,,,,,,,,
SY,Syrian Arab Republic,,dpv:Country,SY,SYR,760,760,2022-03-30,,accepted,Harshvardhan J. Pandit,https://www.w3.org/2022/03/30-dpvcg-minutes.html,,,,,,,,,,,,,
SZ,Eswatini,,dpv:Country,SZ,SWZ,748,748,2022-03-30,,accepted,Harshvardhan J. Pandit,https://www.w3.org/2022/03/30-dpvcg-minutes.html,,,,,,,,,,,,,
TC,Turks and Caicos Islands,,dpv:Country,TC,TCA,796,796,2022-03-30,,accepted,Harshvardhan J. Pandit,https://www.w3.org/2022/03/30-dpvcg-minutes.html,,,,,,,,,,,,,
TD,Chad,,dpv:Country,TD,TCD,148,148,2022-03-30,,accepted,Harshvardhan J. Pandit,https://www.w3.org/2022/03/30-dpvcg-minutes.html,,,,,,,,,,,,,
TF,French Southern Territories,,dpv:Country,TF,ATF,260,260,2022-03-30,,accepted,Harshvardhan J. Pandit,https://www.w3.org/2022/03/30-dpvcg-minutes.html,,,,,,,,,,,,,
TG,Togo,,dpv:Country,TG,TGO,768,768,2022-03-30,,accepted,Harshvardhan J. Pandit,https://www.w3.org/2022/03/30-dpvcg-minutes.html,,,,,,,,,,,,,
TH,Thailand,,dpv:Country,TH,THA,764,764,2022-03-30,,accepted,Harshvardhan J. Pandit,https://www.w3.org/2022/03/30-dpvcg-minutes.html,,,,,,,,,,,,,
TJ,Tajikistan,,dpv:Country,TJ,TJK,762,762,2022-03-30,,accepted,Harshvardhan J. Pandit,https://www.w3.org/2022/03/30-dpvcg-minutes.html,,,,,,,,,,,,,
TK,Tokelau,,dpv:Country,TK,TKL,772,772,2022-03-30,,accepted,Harshvardhan J. Pandit,https://www.w3.org/2022/03/30-dpvcg-minutes.html,,,,,,,,,,,,,
TL,Timor-Leste,,dpv:Country,TL,TLS,626,626,2022-03-30,,accepted,Harshvardhan J. Pandit,https://www.w3.org/2022/03/30-dpvcg-minutes.html,,,,,,,,,,,,,
TM,Turkmenistan,,dpv:Country,TM,TKM,795,795,2022-03-30,,accepted,Harshvardhan J. Pandit,https://www.w3.org/2022/03/30-dpvcg-minutes.html,,,,,,,,,,,,,
TN,Tunisia,,dpv:Country,TN,TUN,788,788,2022-03-30,,accepted,Harshvardhan J. Pandit,https://www.w3.org/2022/03/30-dpvcg-minutes.html,,,,,,,,,,,,,
TO,Tonga,,dpv:Country,TO,TON,776,776,2022-03-30,,accepted,Harshvardhan J. Pandit,https://www.w3.org/2022/03/30-dpvcg-minutes.html,,,,,,,,,,,,,
TR,Turkey,,dpv:Country,TR,TUR,792,792,2022-03-30,,accepted,Harshvardhan J. Pandit,https://www.w3.org/2022/03/30-dpvcg-minutes.html,,,,,,,,,,,,,
TT,Trinidad and Tobago,,dpv:Country,TT,TTO,780,780,2022-03-30,,accepted,Harshvardhan J. Pandit,https://www.w3.org/2022/03/30-dpvcg-minutes.html,,,,,,,,,,,,,
TV,Tuvalu,,dpv:Country,TV,TUV,798,798,2022-03-30,,accepted,Harshvardhan J. Pandit,https://www.w3.org/2022/03/30-dpvcg-minutes.html,,,,,,,,,,,,,
TW,Taiwan (Province of China),,dpv:Country,TW,TWN,158,,2022-03-30,,accepted,Harshvardhan J. Pandit,https://www.w3.org/2022/03/30-dpvcg-minutes.html,,,,,,,,,,,,,
TZ,United Republic of Tanzania,,dpv:Country,TZ,TZA,834,834,2022-03-30,,accepted,Harshvardhan J. Pandit,https://www.w3.org/2022/03/30-dpvcg-minutes.html,,,,,,,,,,,,,
UA,Ukraine,,dpv:Country,UA,UKR,804,804,2022-03-30,,accepted,Harshvardhan J. Pandit,https://www.w3.org/2022/03/30-dpvcg-minutes.html,,,,,,,,,,,,,
UG,Uganda,,dpv:Country,UG,UGA,800,800,2022-03-30,,accepted,Harshvardhan J. Pandit,https://www.w3.org/2022/03/30-dpvcg-minutes.html,,,,,,,,,,,,,
UM,United States Minor Outlying Islands,,dpv:Country,UM,UMI,581,581,2022-03-30,,accepted,Harshvardhan J. Pandit,https://www.w3.org/2022/03/30-dpvcg-minutes.html,,,,,,,,,,,,,
US,United States of America,,dpv:Country,US,USA,840,840,2022-03-30,,accepted,Harshvardhan J. Pandit,https://www.w3.org/2022/03/30-dpvcg-minutes.html,,,,,,,,,,,,,
US-AK,Alaska,loc:US,dpv:Region,US-AK,,,,2022-03-30,,accepted,Harshvardhan J. Pandit,https://www.w3.org/2022/03/30-dpvcg-minutes.html,,,,,,,,,,,,,
US-AL,Alabama,loc:US,dpv:Region,US-AL,,,,2022-03-30,,accepted,Harshvardhan J. Pandit,https://www.w3.org/2022/03/30-dpvcg-minutes.html,,,,,,,,,,,,,
US-AR,Arkansas,loc:US,dpv:Region,US-AR,,,,2022-03-30,,accepted,Harshvardhan J. Pandit,https://www.w3.org/2022/03/30-dpvcg-minutes.html,,,,,,,,,,,,,
US-AS,American Samoa,loc:US,dpv:Region,US-AS,,,,2022-03-30,,accepted,Harshvardhan J. Pandit,https://www.w3.org/2022/03/30-dpvcg-minutes.html,,,,,,,,,,,,,
US-AZ,Arizona,loc:US,dpv:Region,US-AZ,,,,2022-03-30,,accepted,Harshvardhan J. Pandit,https://www.w3.org/2022/03/30-dpvcg-minutes.html,,,,,,,,,,,,,
US-CA,California,loc:US,dpv:Region,US-CA,,,,2022-03-30,,accepted,Harshvardhan J. Pandit,https://www.w3.org/2022/03/30-dpvcg-minutes.html,,,,,,,,,,,,,
US-CO,Colorado,loc:US,dpv:Region,US-CO,,,,2022-03-30,,accepted,Harshvardhan J. Pandit,https://www.w3.org/2022/03/30-dpvcg-minutes.html,,,,,,,,,,,,,
US-CT,Connecticut,loc:US,dpv:Region,US-CT,,,,2022-03-30,,accepted,Harshvardhan J. Pandit,https://www.w3.org/2022/03/30-dpvcg-minutes.html,,,,,,,,,,,,,
US-DC,District of Columbia,loc:US,dpv:Region,US-DC,,,,2022-03-30,,accepted,Harshvardhan J. Pandit,https://www.w3.org/2022/03/30-dpvcg-minutes.html,,,,,,,,,,,,,
US-DE,Delaware,loc:US,dpv:Region,US-DE,,,,2022-03-30,,accepted,Harshvardhan J. Pandit,https://www.w3.org/2022/03/30-dpvcg-minutes.html,,,,,,,,,,,,,
US-FL,Florida,loc:US,dpv:Region,US-FL,,,,2022-03-30,,accepted,Harshvardhan J. Pandit,https://www.w3.org/2022/03/30-dpvcg-minutes.html,,,,,,,,,,,,,
US-GA,Georgia,loc:US,dpv:Region,US-GA,,,,2022-03-30,,accepted,Harshvardhan J. Pandit,https://www.w3.org/2022/03/30-dpvcg-minutes.html,,,,,,,,,,,,,
US-GU,Guam,loc:US,dpv:Region,US-GU,,,,2022-03-30,,accepted,Harshvardhan J. Pandit,https://www.w3.org/2022/03/30-dpvcg-minutes.html,,,,,,,,,,,,,
US-HI,Hawaii,loc:US,dpv:Region,US-HI,,,,2022-03-30,,accepted,Harshvardhan J. Pandit,https://www.w3.org/2022/03/30-dpvcg-minutes.html,,,,,,,,,,,,,
US-IA,Iowa,loc:US,dpv:Region,US-IA,,,,2022-03-30,,accepted,Harshvardhan J. Pandit,https://www.w3.org/2022/03/30-dpvcg-minutes.html,,,,,,,,,,,,,
US-ID,Idaho,loc:US,dpv:Region,US-ID,,,,2022-03-30,,accepted,Harshvardhan J. Pandit,https://www.w3.org/2022/03/30-dpvcg-minutes.html,,,,,,,,,,,,,
US-IL,Illinois,loc:US,dpv:Region,US-IL,,,,2022-03-30,,accepted,Harshvardhan J. Pandit,https://www.w3.org/2022/03/30-dpvcg-minutes.html,,,,,,,,,,,,,
US-IN,Indiana,loc:US,dpv:Region,US-IN,,,,2022-03-30,,accepted,Harshvardhan J. Pandit,https://www.w3.org/2022/03/30-dpvcg-minutes.html,,,,,,,,,,,,,
US-KS,Kansas,loc:US,dpv:Region,US-KS,,,,2022-03-30,,accepted,Harshvardhan J. Pandit,https://www.w3.org/2022/03/30-dpvcg-minutes.html,,,,,,,,,,,,,
US-KY,Kentucky,loc:US,dpv:Region,US-KY,,,,2022-03-30,,accepted,Harshvardhan J. Pandit,https://www.w3.org/2022/03/30-dpvcg-minutes.html,,,,,,,,,,,,,
US-LA,Louisiana,loc:US,dpv:Region,US-LA,,,,2022-03-30,,accepted,Harshvardhan J. Pandit,https://www.w3.org/2022/03/30-dpvcg-minutes.html,,,,,,,,,,,,,
US-MA,Massachusetts,loc:US,dpv:Region,US-MA,,,,2022-03-30,,accepted,Harshvardhan J. Pandit,https://www.w3.org/2022/03/30-dpvcg-minutes.html,,,,,,,,,,,,,
US-MD,Maryland,loc:US,dpv:Region,US-MD,,,,2022-03-30,,accepted,Harshvardhan J. Pandit,https://www.w3.org/2022/03/30-dpvcg-minutes.html,,,,,,,,,,,,,
US-ME,Maine,loc:US,dpv:Region,US-ME,,,,2022-03-30,,accepted,Harshvardhan J. Pandit,https://www.w3.org/2022/03/30-dpvcg-minutes.html,,,,,,,,,,,,,
US-MI,Michigan,loc:US,dpv:Region,US-MI,,,,2022-03-30,,accepted,Harshvardhan J. Pandit,https://www.w3.org/2022/03/30-dpvcg-minutes.html,,,,,,,,,,,,,
US-MN,Minnesota,loc:US,dpv:Region,US-MN,,,,2022-03-30,,accepted,Harshvardhan J. Pandit,https://www.w3.org/2022/03/30-dpvcg-minutes.html,,,,,,,,,,,,,
US-MO,Missouri,loc:US,dpv:Region,US-MO,,,,2022-03-30,,accepted,Harshvardhan J. Pandit,https://www.w3.org/2022/03/30-dpvcg-minutes.html,,,,,,,,,,,,,
US-MP,Northern Mariana Islands,loc:US,dpv:Region,US-MP,,,,2022-03-30,,accepted,Harshvardhan J. Pandit,https://www.w3.org/2022/03/30-dpvcg-minutes.html,,,,,,,,,,,,,
US-MS,Mississippi,loc:US,dpv:Region,US-MS,,,,2022-03-30,,accepted,Harshvardhan J. Pandit,https://www.w3.org/2022/03/30-dpvcg-minutes.html,,,,,,,,,,,,,
US-MT,Montana,loc:US,dpv:Region,US-MT,,,,2022-03-30,,accepted,Harshvardhan J. Pandit,https://www.w3.org/2022/03/30-dpvcg-minutes.html,,,,,,,,,,,,,
US-NC,North Carolina,loc:US,dpv:Region,US-NC,,,,2022-03-30,,accepted,Harshvardhan J. Pandit,https://www.w3.org/2022/03/30-dpvcg-minutes.html,,,,,,,,,,,,,
US-ND,North Dakota,loc:US,dpv:Region,US-ND,,,,2022-03-30,,accepted,Harshvardhan J. Pandit,https://www.w3.org/2022/03/30-dpvcg-minutes.html,,,,,,,,,,,,,
US-NE,Nebraska,loc:US,dpv:Region,US-NE,,,,2022-03-30,,accepted,Harshvardhan J. Pandit,https://www.w3.org/2022/03/30-dpvcg-minutes.html,,,,,,,,,,,,,
US-NH,New Hampshire,loc:US,dpv:Region,US-NH,,,,2022-03-30,,accepted,Harshvardhan J. Pandit,https://www.w3.org/2022/03/30-dpvcg-minutes.html,,,,,,,,,,,,,
US-NJ,New Jersey,loc:US,dpv:Region,US-NJ,,,,2022-03-30,,accepted,Harshvardhan J. Pandit,https://www.w3.org/2022/03/30-dpvcg-minutes.html,,,,,,,,,,,,,
US-NM,New Mexico,loc:US,dpv:Region,US-NM,,,,2022-03-30,,accepted,Harshvardhan J. Pandit,https://www.w3.org/2022/03/30-dpvcg-minutes.html,,,,,,,,,,,,,
US-NV,Nevada,loc:US,dpv:Region,US-NV,,,,2022-03-30,,accepted,Harshvardhan J. Pandit,https://www.w3.org/2022/03/30-dpvcg-minutes.html,,,,,,,,,,,,,
US-NY,New York,loc:US,dpv:Region,US-NY,,,,2022-03-30,,accepted,Harshvardhan J. Pandit,https://www.w3.org/2022/03/30-dpvcg-minutes.html,,,,,,,,,,,,,
US-OH,Ohio,loc:US,dpv:Region,US-OH,,,,2022-03-30,,accepted,Harshvardhan J. Pandit,https://www.w3.org/2022/03/30-dpvcg-minutes.html,,,,,,,,,,,,,
US-OK,Oklahoma,loc:US,dpv:Region,US-OK,,,,2022-03-30,,accepted,Harshvardhan J. Pandit,https://www.w3.org/2022/03/30-dpvcg-minutes.html,,,,,,,,,,,,,
US-OR,Oregon,loc:US,dpv:Region,US-OR,,,,2022-03-30,,accepted,Harshvardhan J. Pandit,https://www.w3.org/2022/03/30-dpvcg-minutes.html,,,,,,,,,,,,,
US-PA,Pennsylvania,loc:US,dpv:Region,US-PA,,,,2022-03-30,,accepted,Harshvardhan J. Pandit,https://www.w3.org/2022/03/30-dpvcg-minutes.html,,,,,,,,,,,,,
US-PR,Puerto Rico,loc:US,dpv:Region,US-PR,,,,2022-03-30,,accepted,Harshvardhan J. Pandit,https://www.w3.org/2022/03/30-dpvcg-minutes.html,,,,,,,,,,,,,
US-RI,Rhode Island,loc:US,dpv:Region,US-RI,,,,2022-03-30,,accepted,Harshvardhan J. Pandit,https://www.w3.org/2022/03/30-dpvcg-minutes.html,,,,,,,,,,,,,
US-SC,South Carolina,loc:US,dpv:Region,US-SC,,,,2022-03-30,,accepted,Harshvardhan J. Pandit,https://www.w3.org/2022/03/30-dpvcg-minutes.html,,,,,,,,,,,,,
US-SD,South Dakota,loc:US,dpv:Region,US-SD,,,,2022-03-30,,accepted,Harshvardhan J. Pandit,https://www.w3.org/2022/03/30-dpvcg-minutes.html,,,,,,,,,,,,,
US-TN,Tennessee,loc:US,dpv:Region,US-TN,,,,2022-03-30,,accepted,Harshvardhan J. Pandit,https://www.w3.org/2022/03/30-dpvcg-minutes.html,,,,,,,,,,,,,
US-TX,Texas,loc:US,dpv:Region,US-TX,,,,2022-03-30,,accepted,Harshvardhan J. Pandit,https://www.w3.org/2022/03/30-dpvcg-minutes.html,,,,,,,,,,,,,
US-UM,United States Minor Outlying Islands,loc:US,dpv:Region,US-UM,,,,2022-03-30,,accepted,Harshvardhan J. Pandit,https://www.w3.org/2022/03/30-dpvcg-minutes.html,,,,,,,,,,,,,
US-UT,Utah,loc:US,dpv:Region,US-UT,,,,2022-03-30,,accepted,Harshvardhan J. Pandit,https://www.w3.org/2022/03/30-dpvcg-minutes.html,,,,,,,,,,,,,
US-VA,Virginia,loc:US,dpv:Region,US-VA,,,,2022-03-30,,accepted,Harshvardhan J. Pandit,https://www.w3.org/2022/03/30-dpvcg-minutes.html,,,,,,,,,,,,,
US-VI,U.S. Virgin Islands,loc:US,dpv:Region,US-VI,,,,2022-03-30,,accepted,Harshvardhan J. Pandit,https://www.w3.org/2022/03/30-dpvcg-minutes.html,,,,,,,,,,,,,
US-VT,Vermont,loc:US,dpv:Region,US-VT,,,,2022-03-30,,accepted,Harshvardhan J. Pandit,https://www.w3.org/2022/03/30-dpvcg-minutes.html,,,,,,,,,,,,,
US-WA,Washington,loc:US,dpv:Region,US-WA,,,,2022-03-30,,accepted,Harshvardhan J. Pandit,https://www.w3.org/2022/03/30-dpvcg-minutes.html,,,,,,,,,,,,,
US-WI,Wisconsin,loc:US,dpv:Region,US-WI,,,,2022-03-30,,accepted,Harshvardhan J. Pandit,https://www.w3.org/2022/03/30-dpvcg-minutes.html,,,,,,,,,,,,,
US-WV,West Virginia,loc:US,dpv:Region,US-WV,,,,2022-03-30,,accepted,Harshvardhan J. Pandit,https://www.w3.org/2022/03/30-dpvcg-minutes.html,,,,,,,,,,,,,
US-WY,Wyoming,loc:US,dpv:Region,US-WY,,,,2022-03-30,,accepted,Harshvardhan J. Pandit,https://www.w3.org/2022/03/30-dpvcg-minutes.html,,,,,,,,,,,,,
UY,Uruguay,,dpv:Country,UY,URY,858,858,2022-03-30,,accepted,Harshvardhan J. Pandit,https://www.w3.org/2022/03/30-dpvcg-minutes.html,,,,,,,,,,,,,
UZ,Uzbekistan,,dpv:Country,UZ,UZB,860,860,2022-03-30,,accepted,Harshvardhan J. Pandit,https://www.w3.org/2022/03/30-dpvcg-minutes.html,,,,,,,,,,,,,
VA,Holy See,,dpv:Country,VA,VAT,336,336,2022-03-30,,accepted,Harshvardhan J. Pandit,https://www.w3.org/2022/03/30-dpvcg-minutes.html,,,,,,,,,,,,,
VC,Saint Vincent and the Grenadines,,dpv:Country,VC,VCT,670,670,2022-03-30,,accepted,Harshvardhan J. Pandit,https://www.w3.org/2022/03/30-dpvcg-minutes.html,,,,,,,,,,,,,
VE,Venezuela (Bolivarian Republic of),,dpv:Country,VE,VEN,862,862,2022-03-30,,accepted,Harshvardhan J. Pandit,https://www.w3.org/2022/03/30-dpvcg-minutes.html,,,,,,,,,,,,,
VG,British Virgin Islands,,dpv:Country,VG,VGB,92,92,2022-03-30,,accepted,Harshvardhan J. Pandit,https://www.w3.org/2022/03/30-dpvcg-minutes.html,,,,,,,,,,,,,
VI,United States Virgin Islands,,dpv:Country,VI,VIR,850,850,2022-03-30,,accepted,Harshvardhan J. Pandit,https://www.w3.org/2022/03/30-dpvcg-minutes.html,,,,,,,,,,,,,
VN,Viet Nam,,dpv:Country,VN,VNM,704,704,2022-03-30,,accepted,Harshvardhan J. Pandit,https://www.w3.org/2022/03/30-dpvcg-minutes.html,,,,,,,,,,,,,
VU,Vanuatu,,dpv:Country,VU,VUT,548,548,2022-03-30,,accepted,Harshvardhan J. Pandit,https://www.w3.org/2022/03/30-dpvcg-minutes.html,,,,,,,,,,,,,
WF,Wallis and Futuna Islands,,dpv:Country,WF,WLF,876,876,2022-03-30,,accepted,Harshvardhan J. Pandit,https://www.w3.org/2022/03/30-dpvcg-minutes.html,,,,,,,,,,,,,
WS,Samoa,,dpv:Country,WS,WSM,882,882,2022-03-30,,accepted,Harshvardhan J. Pandit,https://www.w3.org/2022/03/30-dpvcg-minutes.html,,,,,,,,,,,,,
YE,Yemen,,dpv:Country,YE,YEM,887,887,2022-03-30,,accepted,Harshvardhan J. Pandit,https://www.w3.org/2022/03/30-dpvcg-minutes.html,,,,,,,,,,,,,
YT,Mayotte,,dpv:Country,YT,MYT,175,175,2022-03-30,,accepted,Harshvardhan J. Pandit,https://www.w3.org/2022/03/30-dpvcg-minutes.html,,,,,,,,,,,,,
ZA,South Africa,,dpv:Country,ZA,ZAF,710,710,2022-03-30,,accepted,Harshvardhan J. Pandit,https://www.w3.org/2022/03/30-dpvcg-minutes.html,,,,,,,,,,,,,
ZM,Zambia,,dpv:Country,ZM,ZMB,894,894,2022-03-30,,accepted,Harshvardhan J. Pandit,https://www.w3.org/2022/03/30-dpvcg-minutes.html,,,,,,,,,,,,,
ZW,Zimbabwe,,dpv:Country,ZW,ZWE,716,716,2022-03-30,,accepted,Harshvardhan J. Pandit,https://www.w3.org/2022/03/30-dpvcg-minutes.html,,,,,,,,,,,,,
